Workbook

Sheet Unit_Economics
A1: ID | B1: Tarif | C1: Cena_Mesic_CZK | D1: Kapacita_Psu | E1: Podil_Treneru | F1: Vynos_CZK
A2: T1 | B2: Solo trenér | C2: 490 | D2: do 15 psů | E2: 0.7 | F2: =C2*E2 -> 343
A3: T2 | B3: Psí škola / Pro | C3: 990 | D3: neomezeně | E3: 0.3 | F3: =C3*E3 -> 297
A4: T3 | B4: Psovod (klient) | C4: 0 | D4: 1 pes | E4: 0 | F4: =C4*E4 -> 0
A5: ARPU | B5: Průměrný měsíční příjem na trenéra | E5: 1 | F5: =SUM(F2:F4) -> 640

Sheet CAPEX
A1: Polozka | B1: Poskytovatel | C1: Typ_Platby | D1: Castka_CZK | E1: Poznamka
A2: Apple Developer Program | B2: Apple Inc. | C2: Roční poplatek | D2: 2400 | E2: Nutné pro iOS App Store ($99)
A3: Google Play Console | B3: Google LLC | C3: Jednorázový poplatek | D3: 600 | E3: Vývojářský účet ($25)
A4: Doména a DNS (.cz / .app) | B4: Wedos / Cloudflare | C4: Roční poplatek | D4: 400 | E4: Včetně základního SSL
A5: VOP a GDPR šablony | B5: Open-source / Vzor | C5: Jednorázově | D5: 0 | E5: Studentský pilot
A6: CELKEM_CAPEX | B6: Počáteční investice celkem | D6: =SUM(D2:D5) -> 3400

Sheet Cashflow_12M
A1: Mesic | B1: Platici_Treneri | C1: Aktivni_Psi | D1: Prijmy_Celkem | E1: Server_DB | F1: Frontend_API | G1: Notifikace | H1: Poplatky_Brany | I1: OPEX_Celkem | J1: Mesicni_Zisk | K1: Kumulativni_Cashflow
A2: M01 | B2: 0 | C2: 15 | D2: =B2*Unit_Economics!$F$5 -> 0 | E2: 0 | F2: 0 | G2: 0 | H2: =D2*0.02 -> 0 | I2: =SUM(E2:H2) -> 0 | J2: =D2-I2 -> 0 | K2: =-CAPEX!$D$6+J2 -> -3400
A3: M02 | B3: 0 | C3: 25 | D3: =B3*Unit_Economics!$F$5 -> 0 | E3: 0 | F3: 0 | G3: 0 | H3: =D3*0.02 -> 0 | I3: =SUM(E3:H3) -> 0 | J3: =D3-I3 -> 0 | K3: =K2+J3 -> -3400
A4: M03 | B4: 0 | C4: 35 | D4: =B4*Unit_Economics!$F$5 -> 0 | E4: 0 | F4: 0 | G4: 0 | H4: =D4*0.02 -> 0 | I4: =SUM(E4:H4) -> 0 | J4: =D4-I4 -> 0 | K4: =K3+J4 -> -3400
A5: M04 | B5: 3 | C5: 45 | D5: =B5*Unit_Economics!$F$5 -> 1920 | E5: 600 | F5: 0 | G5: 0 | H5: =D5*0.02 -> 38.4 | I5: =SUM(E5:H5) -> 638.4 | J5: =D5-I5 -> 1281.6 | K5: =K4+J5 -> -2118.4
A6: M05 | B6: 6 | C6: 70 | D6: =B6*Unit_Economics!$F$5 -> 3840 | E6: 600 | F6: 0 | G6: 0 | H6: =D6*0.02 -> 76.8 | I6: =SUM(E6:H6) -> 676.8 | J6: =D6-I6 -> 3163.2 | K6: =K5+J6 -> 1044.8
A7: M06 | B7: 10 | C7: 110 | D7: =B7*Unit_Economics!$F$5 -> 6400 | E7: 600 | F7: 0 | G7: 0 | H7: =D7*0.02 -> 128 | I7: =SUM(E7:H7) -> 728 | J7: =D7-I7 -> 5672 | K7: =K6+J7 -> 6716.8
A8: M07 | B8: 13 | C8: 140 | D8: =B8*Unit_Economics!$F$5 -> 8320 | E8: 600 | F8: 0 | G8: 0 | H8: =D8*0.02 -> 166.4 | I8: =SUM(E8:H8) -> 766.4 | J8: =D8-I8 -> 7553.6 | K8: =K7+J8 -> 14270.4
A9: M08 | B9: 16 | C9: 180 | D9: =B9*Unit_Economics!$F$5 -> 10240 | E9: 1200 | F9: 500 | G9: 350 | H9: =D9*0.02 -> 204.8 | I9: =SUM(E9:H9) -> 2254.8 | J9: =D9-I9 -> 7985.2 | K9: =K8+J9 -> 22255.6
A10: M09 | B10: 20 | C10: 230 | D10: =B10*Unit_Economics!$F$5 -> 12800 | E10: 1200 | F10: 500 | G10: 350 | H10: =D10*0.02 -> 256 | I10: =SUM(E10:H10) -> 2306 | J10: =D10-I10 -> 10494 | K10: =K9+J10 -> 32749.6
A11: M10 | B11: 23 | C11: 270 | D11: =B11*Unit_Economics!$F$5 -> 14720 | E11: 1200 | F11: 500 | G11: 350 | H11: =D11*0.02 -> 294.4 | I11: =SUM(E11:H11) -> 2344.4 | J11: =D11-I11 -> 12375.6 | K11: =K10+J11 -> 45125.2
A12: M11 | B12: 26 | C12: 320 | D12: =B12*Unit_Economics!$F$5 -> 16640 | E12: 1200 | F12: 500 | G12: 350 | H12: =D12*0.02 -> 332.8 | I12: =SUM(E12:H12) -> 2382.8 | J12: =D12-I12 -> 14257.2 | K12: =K11+J12 -> 59382.4
A13: M12 | B13: 30 | C13: 380 | D13: =B13*Unit_Economics!$F$5 -> 19200 | E13: 1200 | F13: 500 | G13: 350 | H13: =D13*0.02 -> 384 | I13: =SUM(E13:H13) -> 2434 | J13: =D13-I13 -> 16766 | K13: =K12+J13 -> 76148.4
